{
    "states": [
        { "name": "Alabama", "abbr": "AL", "capital": "Montgomery", "lat": 32.377, "lng": -86.300 },
        { "name": "Alaska", "abbr": "AK", "capital": "Juneau", "lat": 58.302, "lng": -134.420 },
        { "name": "Arizona", "abbr": "AZ", "capital": "Phoenix", "lat": 33.448, "lng": -112.074 },
        { "name": "Arkansas", "abbr": "AR", "capital": "Little Rock", "lat": 34.746, "lng": -92.290 },
        { "name": "California", "abbr": "CA", "capital": "Sacramento", "lat": 38.576, "lng": -121.494 },
        { "name": "Colorado", "abbr": "CO", "capital": "Denver", "lat": 39.739, "lng": -104.990 },
        { "name": "Connecticut", "abbr": "CT", "capital": "Hartford", "lat": 41.764, "lng": -72.685 },
        { "name": "Delaware", "abbr": "DE", "capital": "Dover", "lat": 39.158, "lng": -75.524 },
        { "name": "Florida", "abbr": "FL", "capital": "Tallahassee", "lat": 30.438, "lng": -84.281 },
        { "name": "Georgia", "abbr": "GA", "capital": "Atlanta", "lat": 33.749, "lng": -84.388 },
        { "name": "Hawaii", "abbr": "HI", "capital": "Honolulu", "lat": 21.307, "lng": -157.858 },
        { "name": "Idaho", "abbr": "ID", "capital": "Boise", "lat": 43.618, "lng": -116.215 },
        { "name": "Illinois", "abbr": "IL", "capital": "Springfield", "lat": 39.798, "lng": -89.654 },
        { "name": "Indiana", "abbr": "IN", "capital": "Indianapolis", "lat": 39.768, "lng": -86.162 },
        { "name": "Iowa", "abbr": "IA", "capital": "Des Moines", "lat": 41.591, "lng": -93.604 },
        { "name": "Kansas", "abbr": "KS", "capital": "Topeka", "lat": 39.048, "lng": -95.678 },
        { "name": "Kentucky", "abbr": "KY", "capital": "Frankfort", "lat": 38.187, "lng": -84.875 },
        { "name": "Louisiana", "abbr": "LA", "capital": "Baton Rouge", "lat": 30.457, "lng": -91.187 },
        { "name": "Maine", "abbr": "ME", "capital": "Augusta", "lat": 44.307, "lng": -69.782 },
        { "name": "Maryland", "abbr": "MD", "capital": "Annapolis", "lat": 38.979, "lng": -76.491 },
        { "name": "Massachusetts", "abbr": "MA", "capital": "Boston", "lat": 42.358, "lng": -71.064 },
        { "name": "Michigan", "abbr": "MI", "capital": "Lansing", "lat": 42.733, "lng": -84.555 },
        { "name": "Minnesota", "abbr": "MN", "capital": "Saint Paul", "lat": 44.944, "lng": -93.094 },
        { "name": "Mississippi", "abbr": "MS", "capital": "Jackson", "lat": 32.303, "lng": -90.182 },
        { "name": "Missouri", "abbr": "MO", "capital": "Jefferson City", "lat": 38.577, "lng": -92.173 },
        { "name": "Montana", "abbr": "MT", "capital": "Helena", "lat": 46.586, "lng": -112.018 },
        { "name": "Nebraska", "abbr": "NE", "capital": "Lincoln", "lat": 40.808, "lng": -96.700 },
        { "name": "Nevada", "abbr": "NV", "capital": "Carson City", "lat": 39.164, "lng": -119.767 },
        { "name": "New Hampshire", "abbr": "NH", "capital": "Concord", "lat": 43.207, "lng": -71.537 },
        { "name": "New Jersey", "abbr": "NJ", "capital": "Trenton", "lat": 40.221, "lng": -74.756 },
        { "name": "New Mexico", "abbr": "NM", "capital": "Santa Fe", "lat": 35.687, "lng": -105.938 },
        { "name": "New York", "abbr": "NY", "capital": "Albany", "lat": 42.653, "lng": -73.757 },
        { "name": "North Carolina", "abbr": "NC", "capital": "Raleigh", "lat": 35.780, "lng": -78.639 },
        { "name": "North Dakota", "abbr": "ND", "capital": "Bismarck", "lat": 46.808, "lng": -100.784 },
        { "name": "Ohio", "abbr": "OH", "capital": "Columbus", "lat": 39.961, "lng": -82.999 },
        { "name": "Oklahoma", "abbr": "OK", "capital": "Oklahoma City", "lat": 35.473, "lng": -97.517 },
        { "name": "Oregon", "abbr": "OR", "capital": "Salem", "lat": 44.938, "lng": -123.030 },
        { "name": "Pennsylvania", "abbr": "PA", "capital": "Harrisburg", "lat": 40.264, "lng": -76.884 },
        { "name": "Rhode Island", "abbr": "RI", "capital": "Providence", "lat": 41.824, "lng": -71.413 },
        { "name": "South Carolina", "abbr": "SC", "capital": "Columbia", "lat": 34.000, "lng": -81.035 },
        { "name": "South Dakota", "abbr": "SD", "capital": "Pierre", "lat": 44.368, "lng": -100.351 },
        { "name": "Tennessee", "abbr": "TN", "capital": "Nashville", "lat": 36.166, "lng": -86.784 },
        { "name": "Texas", "abbr": "TX", "capital": "Austin", "lat": 30.267, "lng": -97.743 },
        { "name": "Utah", "abbr": "UT", "capital": "Salt Lake City", "lat": 40.759, "lng": -111.888 },
        { "name": "Vermont", "abbr": "VT", "capital": "Montpelier", "lat": 44.260, "lng": -72.576 },
        { "name": "Virginia", "abbr": "VA", "capital": "Richmond", "lat": 37.540, "lng": -77.436 },
        { "name": "Washington", "abbr": "WA", "capital": "Olympia", "lat": 47.043, "lng": -122.893 },
        { "name": "West Virginia", "abbr": "WV", "capital": "Charleston", "lat": 38.350, "lng": -81.633 },
        { "name": "Wisconsin", "abbr": "WI", "capital": "Madison", "lat": 43.075, "lng": -89.384 },
        { "name": "Wyoming", "abbr": "WY", "capital": "Cheyenne", "lat": 41.140, "lng": -104.820 }
    ]
}
